{
  "epoch": 3,
  "metrics": {
    "loss": 1.8821456227948778,
    "accuracy": 0.43492083881948684,
    "precision": 0.4125843443937714,
    "recall": 0.43492083881948684,
    "f1": 0.4100147452804198
  }
}